Tubazione aria compressa non  riavvolta qaundo non utilizzata,Compressed air tubing not rewound when not used
Attrezzo sottogancio (qaundo non utilzzato) lasciato in posizione bassa ,Lifting tool (when not used) left in low position 
Doll System leggermente in disordine,Doll System slightly messed up
Tubazione aria compressa non  riavvolta qaundo non utilizzata,Compressed air tubing not rewound when not used
Tubazione aria compressa non  riavvolta qaundo non utilizzata,Compressed air tubing not rewound when not used
Attrezzo sottogancio (qaundo non utilzzato) lasciato in posizione bassa ,Lifting tool (when not used) left in low position 
Postazione di lavoro leggermente in disordine,Workstation slightly messed up
Mancato utilizzo dello sgabello ergonomico (qaundo previsto),Non-use of the stool (when applicable)
Un operatore non indossa correttamente il berretto di protezione del capo ,An operator is not wearing proper head protection Cap 
Sollevatore elettrico depositato con staffe non abbassate,Electric linkage deposited with brackets not lowered
Doll System non depositata negli spazi delimitati ,Doll System not deposited in separated areas 
Scopa poggiata su SAG,Broom resting on SAG
Materiale depositato a terra a rischio inciampo,Material deposited on the ground at risk stumbling
Non utilizza occhiali con avvitatore,Does not use glasses with screwdriver
Canna aria non riavvolta quando non utilizzata,Barrel air not rewound when not in use
Impianto elettrico a terra a rischio inciampo,Electrical system ashore at risk stumbling
Guanti depositati su telaio,Gloves deposited on trays
Scopa poggiata a muro anzichè apposito trespolo,Broom rests in the wall instead of proper perch
Bussola depositata su telaio quando non in uso,Compass settled out of the frame when not in use
Magnete sollevamento longheroni lasciato agganciato a carroponte a rischio urto,Lifting magnet spars left hooked bridge crash risk
"L'operatore lascia, durante le attività di montaggio, gli attrezzi appoggiati sul telaio con rischio caduta oggetti (pinza - cacciaviti - tronchese ecc....)","The operator leaves, during the Assembly activities, gears leaned on the frame with risk falling objects (tongs-screwdrivers-wire cutter etc.)"
Tubazione aria compressa lasciata a a terra,Compressed air hose left on the ground
Doll System leggermente in disordine,Doll System slightly messed up
Un operatore non indossa correttamente il berretto di protezione del capo ,An operator is not wearing proper head protection Cap 
Mancato utilizzo dello sgabello ergonomico (qaundo previsto),Non-use of the stool (when applicable)
Postazione di lavoro leggermente in disordine,Workstation slightly messed up
Operatore non utilizza occhiali protettivi quando avvita,Operator does not use glasses when screwing
L'operatore indossa occhiali da vista non protettivi,The operator wears no protective eyeglasses
Tubazione aria compressa non  riavvolta qaundo non utilizzata,Compressed air tubing not rewound when not used
Tubazione aria compressa non  riavvolta qaundo non utilizzata,Compressed air tubing not rewound when not used
Attrezzo sottogancio (qaundo non utilzzato) lasciato in posizione bassa ,Lifting tool (when not used) left in low position 
Postazione di lavoro leggermente in disordine,Workstation slightly messed up
Doll System leggermente in disordine,Doll System slightly messed up
Tubazione aria compressa non  riavvolta qaundo non utilizzata,Compressed air tubing not rewound when not used
Tubazione aria compressa non  riavvolta qaundo non utilizzata,Compressed air tubing not rewound when not used
Canna dell'aria lasciata a terra quando non utilizzata,Air barrel left on the ground when not in use
Non utilizza occhiali protettivi quando usa avvitatore,Does not use safety goggles when using impact wrench
Postazione di lavoro poco ordinata,Neat little workstation
Rivestimento cabina depositato su bidoni rifiuti,Covering the cabin placed in waste bins
Canna dell'aria a terra quando non utilizzata,Air to ground rod when not in use
Pedaliera depositata a terra prima del montaggio,Pedal Board settled to the ground before installation
Palanchino lasciatoa a terra a rischio inciampo,Palanquin left on the ground at risk stumbling
Bancale trasmissioni depositato su passaggio pedonale,Pallet transmissions deposited on walkway
Operatore non indossa berretto protettivo quando lavora interno telaio,Operator not wearing protective cap when working inside the frame
Postazione di lavoro poco ordinata,Neat little workstation
Operatore non usa occhiali quando utilizza avvitatore,Operator does not use glasses when using impact wrench
Chiavi e punte avvitatore lasciate su scala a rischio inciampo,Keys and screwdriver tips left on the scale at risk stumbling
Pulizia migliorabile sotto cabina,Cleanliness could be improved under cab
Non indossa occhiali protettivi quando usa avvitatore,Not wearing glasses when using impact wrench
Non indossa occhiali protettivi quando usa avvitatore,Not wearing glasses when using impact wrench
Contenitore sostegno part. 421 non ordinato,Container support part. unordered 421
Postazione di lavoro in disordine,Workplace in disarray
L'operatore non conosce bene i DPI e le varie condizioni di utilizzo (guanti e maschera),The operator is not familiar with the DPI and the various conditions (gloves and masks)
Manca formazione DPI di postazione,Missing training DPI of computer station
Banco di lavoro in disordine,Messy work bench
Tubazione aria compressa non in uso e non riavvolta,Compressed air tubing not in use and not rewound
Operatore non individua subito scheda DPI,Operator does not locate for DPI tab
Tubazione aria compressa non  riavvolta quando non utilizzata,Compressed air tubing not rewound when not in use
Operatore non conosce utilizzo VISUAL VERDE/ROSSO di postaione,Operator does not know use VISUAL green/red by postaione
L'operatore non conosce e non sa dove si trova la scheda DPI,The operator does not know and does not know where is the card DPI
L'operatore Beoni Nicola non conosce e non sa dove si trova la scheda DPI,The operator Bahr Nicholas doesn't know and doesn't know where is the card DPI
Materiale a bordo linea disordinato,Material on board line messy
L'operatore esegue oparazioni in anticipo sul ciclo di lavoro,The operator oparazioni ahead of business cycle
Manca formazione DPI di postazione,Missing training DPI of computer station
Banco da lavoro in disordine ,Cluttered Workbench 
Banco di lavoro disordinato,Messy work bench
Tubazioni aria inutilizzate non riavvolte,Unused air piping not rewound
Doll System leggermente in disordine,Doll System slightly messed up
Postazione di lavoro leggermente in disordine,Workstation slightly messed up
Postazione di lavoro leggermente in disordine,Workstation slightly messed up
Manca formazione di aggiornamento circa i rischi connessi all'uso dei prodotti chimici,Missing update education about the risks associated with the use of chemicals
Manca formazione di aggiornamento su ergonomia e MMC,Missing upgrade education on ergonomics and MMC
Manca formazione di aggiornamento sull'emergenza,Missing update training on emergency
Manca formalizzazione specifica sui rischi di impianti di verniciatura,Lacking formalization specification on the risks of coating plants
Manca formazione di aggiornamento all'uso di macchine/impianti/attrezzature,Missing update training at use of machines/systems/equipment
Postazione di lavoro leggermente in disordine,Workstation slightly messed up
Postazione di lavoro leggermente in disordine,Workstation slightly messed up
Tubazione aria compressa non  riavvolta qaundo non utilizzata,Compressed air tubing not rewound when not used
Doll System leggermente in disordine,Doll System slightly messed up
Un operatore non indossa correttamente il berretto di protezione del capo ,An operator is not wearing proper head protection Cap 
Mancato utilizzo dello sgabello ergonomico (qaundo previsto),Non-use of the stool (when applicable)
Mancato utilizzo della pedana / scaletta per accedere all'interno cabina,Loss of use of the platform/ladder to access the cockpit
Tubazione aria compressa non  riavvolta qaundo non utilizzata,Compressed air tubing not rewound when not used
Portiera cabina lasciata aperta in assenza dell'operatore,Cabin door left open in the absence of the operator
Materiale di produzione appoggianto in modo precario su di un contenitore,Production material appoggianto precariously on a container
Utilizzo di bussola modificata con chiave dinamometrica ,Using modified compass with a torque wrench 
Mancato uso degli occhiali durante l'impiego dell'avvitatore,Failing to wear goggles when using the screwdriver
Tubazione aria compressa a terra,Compressed air pipe to the ground
Migliorabile ordine dell'area (canna dell'aria lasciata a terra),Improved order of air (air barrel left ashore)
L'operatore movimenta il longherone con il carroponte senza accompagnarlo con la mano,The operator moves the spar with the crane without drive him with his hand
L'addetto non indossa gli ortoprotettori durante attività geneneranti rumore,The guy is not wearing the ortoprotettori during business geneneranti noise
Banco di lavoro in disordine,Messy work bench
Canne dell'aria lasciate a terra quando non in uso,Air canes left on the ground when not in use
Migliorabili ordine e pulizia dell'area,Improved order and cleanliness of the area
Attrezzatura sottogancio lasciata a terra,Lifting equipment left on the ground
Carrello Kit depositato su percorso pedonale lungo il trasporto verso postazione n°2,Cart Kit deposited on pedestrian path along the transport to station No. 2
Non rintraccia immediatamente le OPL Safety di postazione,Do not locate immediately the OPL Safety of emplacement
Presenza di materiale di produzione mal riposto (tubolari metallici),Presence of production material misplaced (metal tubes)
DPI ortoprotettore indossato non correettamente,DPI ortoprotettore correettamente not worn
Occhiali protettivi non indossati correttamente,Goggles not worn correctly
Il tappeto assorbente posto sul pavimento impianto T3 usurato,The absorbent mat placed on the floor worn T3 system
L'attrezzo adibito al lavaggio degli aerografi non sempre viene utilizzato,The tool used for the washing of Airbrushes not always uses
Attrezzo lavaggio aerografi non sempre utilizzato,Do not spray cleaning tool always used
La maschera di verniciatura non sempre viene riposta correttamente nella propria confezione quando non utilizzata,Paint mask not always is placed correctly in its packaging when not in use
armadio prodotti chimici lasciato aperto,closet chemicals left open
Presenza di anta quadro elettrico aperta,Presence of open electrical panel door
Canna aria lasciata a terra quando non in uso,Barrel air left on the ground when not in use
Carretto di lavoro in disordine,Messy job cart
Ordine e pulizia di reparto migliorabile,Departmental order and cleanliness can be improved
Canna aria a terra quando non utilizzata ,Air to ground rod when not in use 
Ordine banco di lavoro migliorabile,Order Workbench can be improved
Canna aria a terra quando non in uso,Barrel air to ground when not in use
Giubbotto non appeso nell'apposito appendiabiti,Not vest hung in the special hanger
Materiale depositato a terra a rischio inciampo,Material deposited on the ground at risk stumbling
Veicolo parcheggiato parzialmente su strisce pedonali,Vehicle parked partially on crosswalk
Portone Box lasciato parzialmente aperto durante la fase di saldatura,Door Box left partially opened during the sealing phase
Canna aria lasciata a terra a rischio inciampo,Barrel air left on the ground at risk stumbling
Carrello Kit depositato su percorso pedonale,Cart Kit deposited on footpath
Canna aria a terra quando non utilizzata ,Air to ground rod when not in use 
Operatore non sempre utilizza sgabello ergonomico per operazioni sotto cabina,Operator does not always use stool for operations under cab
Carrello Kit depositato su passaggio pedonale,Cart Kit deposited on walkway
Materiale depositato a terra,Material deposited on the ground
Doll system in disordine,
Un operatore non indossa correttamente il berretto di protezione del capo ,An operator is not wearing proper head protection Cap 
Tubazione aria compressa non  riavvolta qaundo non utilizzata,Compressed air tubing not rewound when not used
Tubazione aria compressa non  riavvolta qaundo non utilizzata,Compressed air tubing not rewound when not used
Un operatore non indossa correttamente gli occhiali protezione,An operator is not wearing protective eyewear properly
Attrezzo sottogancio (qaundo non utilzzato) lasciato in posizione bassa ,Lifting tool (when not used) left in low position 
Mancato utilizzo dello sgabello ergonomico (quando previsto),Non-use of the stool (if applicable)
Postazione di lavoro leggermente in disordine,Workstation slightly messed up
Migliorabile la pulizia della postazione,Improved workplace cleaning
Tubazione aria compressa inutilizzata a terra non avvolta,Compressed air tubing used for a land shrouded
Effettua operazione di fissaggio perni barra stabilizzatrice in ginocchio,Maintains mounting stabilizer bar pins operation on her knees
"L'operatore non indossa i prescritti DPI (berretto antiurto, occhiali di sicurezza, guanti)","The operator is not wearing the prescribed DPI (shock-proof CAP, goggles, gloves)"
"L’area di deposito materiale / attrezzature che si trova nei nuovi capannoni (corpo B) non è facilmente raggiungibile a causa dell’eccesiva presenza di materiale stoccato a volte, tra l’altro, anche sui percorsi dedicato al passaggio dei mezzi / pedoni","The material/equipment storage area that is located in the new halls (B) is not easily accessible due to the excessive presence of material stored at times, among other things, even on dedicated to the passage of vehicles/pedestrians"
"Sarebbe opportuno avviare la formazione di aggiornamento con l’impiego, tra l’altro,  delle OPL applicabili, circa il corretto e costante utilizzo di avvitatori, smerigliatrici, trapani, utensili, ecc","It would be appropriate to start the upgrade training by using, inter alia, of the OPL applicable, about the proper and consistent use of screwdrivers, grinders, drills, tools, etc."
"Sarebbe opportuno avviare la formazione di aggiornamento con l’impiego, tra l’altro,  delle OPL applicabili, circa il corretto e costante utilizzo di avvitatori, smerigliatrici, trapani, utensili, ecc","It would be appropriate to start the upgrade training by using, inter alia, of the OPL applicable, about the proper and consistent use of screwdrivers, grinders, drills, tools, etc."
Tubazione aria compressa lasciata a terra quando non in uso,Compressed air hose left on the ground when not in use
Il banchetto di lavoro è completamente in disordine,The banquet of work is completely messed up
Tubazione aria compressa lasciata a terra quando non in uso,Compressed air hose left on the ground when not in use
Il banchetto di lavoro è completamente in disordine,The banquet of work is completely messed up
Non risulta effettuata formazione su sicurezza al rientro dalle ferie,Safety training is not made after returning from vacation
Ordine e pulizia del reparto risultano essere migliorabili,Order and cleanliness of the Department appear to be improvable
Durante l'uso del martello l'operatore non indossa gli occhiali di sicurezza,When using the hammer the operator wearing safety goggles
Durante l'uso dell'avvitatore l'operatore non indossa gli occhiali di sicurezza (ma solo i suoi da vista),When using the driver bit operator doesn't wear your safety glasses (but only her eyeglasses)
Non rintraccia subito la scheda DPI,No tracks for the card DPI
Movimentazione ponti con carroponte da svolgere con maggior cautela,Handling with crane bridges to play more cautiously
Giacca appesa ad un SAG anzichè sugli appositi appendini dell'area,Jacket hangs in SAG instead of on the local hangers
Personale che fuma nei bagni di reparto,Staff smoking in the bathrooms of Department
Collega non indossa berretto protettivo,Colleague does not wear protective cap
Alcune tubazioni dell'aria compressa sono a terra quando non in uso,Some compressed air pipes are on the ground when not in use
L'operatore anticipa alcune attività nella Postazione 35,The operator anticipates some activities in 35
L'operatore effettua alcune attività (es. togliere piccoli tappi di plastica)senza i guanti,The operator carries out some activities (eg. remove small plastic plugs) without gloves
L'operatore non rintraccia nell'immediato la scheda DPI di postazione,The operator tracks the immediate emplacement DPI tab
"Sarebbe opportuno avviare la formazione di aggiornamento con l’impego, tra l’altro,  delle OPL applicabili, circa il corretto e costante utilizzo di avvitatori, smerigliatrici, trapani, utensili, ecc","It would be advisable to start training with the commitment, inter alia, of the OPL applicable, about the proper and consistent use of screwdrivers, grinders, drills, tools, etc."
Non risulta avviata la formazione di aggiornamento  per uso del  traspallet elettrico ,Is not initiated the formation of update for use of electric pallet 
Per taluni operatori manca formalizzazione formazione di aggiornamento all’uso di attrezzature di lavoro (col manuale d’uso) ,For some operators lacking formalization update training use of work equipment (with the owner's manual) 
Per taluni operatori manca formalizzazione della formazione circa l’uso delle attrezzature di sostegno telai in linea telai,For some operators lacking formalization of training about the use of inline frames frames support equipment
Per taluni operatori manca formalizzazione formazione di aggiornamento all’uso di attrezzature di lavoro (col manuale d’uso) ,For some operators lacking formalization update training use of work equipment (with the owner's manual) 
Carrello abbandonato su strisce pedonali,Abandoned cart on crosswalk
Ripasso formativo su uso DPI,Refresher training on use DPI
Migliorabile ordine e pulizia dell'officina,Improved order and cleanliness of the workshop
Migliorabili ordine e pulizia del reparto,Improved cleanliness and order of the Department
Portone Box aperto durante la fase di saldatura,Open Box door during welding
Movimentazione parabrezza (30 Kg)gravoso se non eseguito nel rispetto della procedura,Handling windshield (30 Kg) burdensome if not executed in accordance with the procedure
Prelievo sedile anteriore ergonomicamente pericoloso (32 Kg),Levy ergonomically front seat dangerous (32 Kg)
Tappeto gomma per abitacolo dx7sx (18 Kg) eronomicamente gravoso,Rubber floor mats for heavy eronomicamente dx7sx cabin (18 Kg)
Movimentazione calandra (28kg)da eseguire tramite 2 operatori,Handling calandra (28 kg) to be executed by 2 operators
Il preposto del  magazzino produzione non dispone  del manuale di uso e manutenzione del nuovo traspallet elettrico ,The person in charge of the warehouse production does not have the owner's Manual of the new electric pallet 
Tubo aspiratore lasciato a terra a rischio inciampo,Vacuum pipe grounded at risk stumbling
Il preposto (montaggio civili) non dispone  del manuale di uso e manutenzione del nuovo traspallet elettrico ,The person in charge (civilians) does not have the owner's Manual of the new electric pallet 
Ordine e pulizia risultano essere migliorabili,Order and cleanliness can be improved
L'addetto non recupera immediatamente la scheda DPI in postazione,The attendant does not recover immediately the card DPI station
Ordine e pulizia del reparto risultano essere migliorabili,Order and cleanliness of the Department appear to be improvable
L'addetto non recupera immediatamente la scheda DPI di postazione,The attendant does not recover immediately the card DPI of computer station
Ordine e pulizia del reparto risultano essere migliorabili,Order and cleanliness of the Department appear to be improvable
Il carrello n°21 risulta parcheggiato fuori posizione creando intralcio ,The cart # 21 is parked out of position creating hindrance 
"Sarebbe opportuno avviare la formazione di aggiornamento con l’impego, tra l’altro,  delle OPL applicabili, circa il corretto e costante utilizzo di avvitatori, smerigliatrici, trapani, utensili, ecc","It would be advisable to start training with the commitment, inter alia, of the OPL applicable, about the proper and consistent use of screwdrivers, grinders, drills, tools, etc."
Un operatore avvita sotto cabina senza l'ausilio del seggiolino ergonomico,An operator screws under cab without the help of ergonomic seat
Un operatore sale in cabina mettendo un piede sulla ruota anzichè usare la pedana,A salt cabin attendant putting a foot on the wheel instead of using the platform
Un operatore usa un prodotto chimico (olio) senza indossare i guanti appropriati (rischio chimico),An operator uses a chemical (oil) without wear suitable gloves (chemical)
Alcuni effetti personali (ombrello)risultano appesi al SAG,Some personal belongings (umbrella) are hanging from the SAG
Il banco di lavoro risulta essere in disordine,The Workbench is messed up
Tubazioni aria compressa a terra quando non in uso,Compressed air piping down when not in use
L'operatore avvita sotto al telaio in ginocchio senza usare il seggiolino ergonomico,The operator screwed under the frame on her knees without using the ergonomic seat
L'addetto non rintraccia prontamente la scheda DPI,The clerk did not track promptly the card DPI
Ordine e pulizia risultano migliorabili,Order and cleanliness are improvable
La tubazione dell'aria compressa ostruisce il passaggio perchè non appesa (vincolata) correttamente,The compressed air line blocking step because you don't hang (bound) correctly
"In linea appesi ad un SAG ci sono alcuni effetti personali (ombrello, zainetto, ecc..)","Hanging by a SAG there are some personal belongings (umbrella, rucksack, etc.)"
Presenza di batteria su pallet lasciata allo scoperto,Presence of drums on pallets left out in the open
Percorso pedonale esterno ostruito da materiale,External pedestrian path blocked by material
Il luogo sicuro posto dietro il magazzino (identificato da apposito cartello) è disseminato di materiali vari,The safe place behind the warehouse (identified by visible sign) is littered with various materials
Non risulta avviata la formazione di aggiornamento sull' uso apparecchi di sollevamento e attrezzature sottogancio,Is not initiated the formation of update on using lifting equipment and lifting equipment
Non risulta avviata la formazione di aggiornamento sulla Movimentazione Manuale dei Carichi ,Is not started training on manual handling of loads 
Non risulta avviata la formazione di aggiornamento sull' uso apparecchi di sollevamento e attrezzature sottogancio,Is not initiated the formation of update on using lifting equipment and lifting equipment
"per taluni operatori, sarebbe opportuno avviare la formazione di aggiornamento con l’impego, tra l’altro,  delle OPL applicabili, circa il corretto e costante utilizzo delle attrezzature quali: sgabelli, lettini sottomacchina, scale, pedane, ecc.","for certain operators, it would be advisable to start training with the commitment, inter alia, of the OPL applicable, about the proper and consistent use of equipment such as stools, loungers sottomacchina, stairs, platforms, etc."
"Per taluni operatori, sarebbe opportuno avviare la formalizzazione della formazione di aggiornamento con l’impego, tra l’altro,  della IdL HSE 09  ""CONDUZIONE E MANOVRA DEI MEZZI DI TRASPORTO""","For certain operators, it would be appropriate to start the formalization of training through, inter alia, the use of the IdL HSE 09" operation and MOVEMENT of MEANS of TRANSPORT "" "
"Attualmente non è disponibile un SOP specifica che rappresenta le corrette modalità di utilizzo dell’avvitatore pneumatico serraggio dadi ruota,  veicolo RD 40.","Currently there is no SOP specifies that represents the correct ways to use the pneumatic screwdriver tightening wheel nuts, vehicle RD 40."
Il banchetto di lavoro risulta essere in disordine,The banquet is being messed up
Mancano ordine e pulizia a terra,Missing order and cleanliness to the ground
Banchetto di lavoro in disordine ,Business banquet in disorder 
Quando usa la Loctite l'operatore non indossa i guanti per prodotti chimici,When using Loctite the operator wearing gloves for chemicals
L'operatore non indossa occhiali protettivi quando usa l'avvitatore,The operator is not wearing glasses when using the screwdriver
Ordine e pulizia dell'area risultano essere migliorabili,Order and tidiness of the area appear to be improvable
Chiave a cricchetto appoggiata su carrello sostegno cabina,Ratchet wrench resting on support cabin trolley
Non risulta avviata la formazione di aggiornamento sull' uso apparecchi di sollevamento e attrezzature sottogancio,Is not initiated the formation of update on using lifting equipment and lifting equipment
"Sarebbe opportuno avviare la formazione di aggiornamento con l’impego, tra l’altro,  delle OPL applicabili, circa il corretto e costante utilizzo delle attrezzature quali: sgabelli, lettini sottomacchina, scale, pedane, ecc.","It would be advisable to start training with the commitment, inter alia, of the OPL applicable, about the proper and consistent use of equipment such as stools, loungers sottomacchina, stairs, platforms, etc."
"Sarebbe opportuno avviare la formazione di aggiornamento con l’impego, tra l’altro,  delle OPL applicabili, circa il corretto e costante utilizzo di avvitatori, smerigliatrici, trapani, utensili, ecc","It would be advisable to start training with the commitment, inter alia, of the OPL applicable, about the proper and consistent use of screwdrivers, grinders, drills, tools, etc."
Non risulta avviata la formazione di aggiornamento sulla Movimentazione Manuale dei Carichi ,Is not started training on manual handling of loads 
Non risulta avviata la formazione di aggiornamento sull’ uso delle macchine,Is not initiated the formation of update on the use of machines
Giubbotto appeso su transenna,Vest hung on hurdle
Fusto olio depositato su strisce pedonali,Oil deposited on the crosswalk
Chiavi depositate su scala,Keys deposited at scale
Imballo a terra a rischio inciampo,Packaging on the ground at risk stumbling
Banchetto in disordine,Banquet in disorder
Aspiratore a terra quando inutilizzato,Vacuum cleaner on the ground when not in use
Catene carroponte depositate a terra a rischio inciampo,Crane chains deposited on the ground at risk stumbling
Ordine e pulizia migliorabili,Order and cleanliness can be improved
Guarnizioni vetro portiera appese su cassone,Glass door seals hung on platform truck
Radio accesa a lato linea,Radio on line side
Banchetto in disordine,Banquet in disorder
Fermi carrelli cabina lasciati a terra a rischio inciampo,Stranded cabin trolley stops at risk stumbling
Tergicristalli depositati su bidoni spazzamento,Wipers deposited on sweeping bins
Materiale a terra a rischio inciampo,Material on the ground at risk stumbling
Cerniere portiera depositate su carrello sedile,Door hinges deposited on cart seat
"SGANCIATO RIMORCHIO DAL TRASPORTATORE ALBASI IN CORRISPONDENZA DI UNA CURVA, IN PROSSIMITA' DI UN CARTELLO DI STOP, SUL PASSAGGIO PEDONALE, DAVANTI AL REPARTO DUMPER E ALLA PALAZZINA PRODUZIONE","UNHITCHED THE TRAILER BY CARRIER ALBASI AT A CURVE, APPROACHING A STOP SIGN, ON THE WALKWAY IN FRONT OF THE DUMPER AND BUILDING PRODUCTION DEPARTMENT"
Non risulta avviata la formazione di aggiornamento sull' uso apparecchi di sollevamento e attrezzature sottogancio,Is not initiated the formation of update on using lifting equipment and lifting equipment
"Sarebbe opportuno avviare la formazione di aggiornamento con l’impego, tra l’altro,  delle OPL applicabili, circa il corretto e costante utilizzo delle attrezzature quali: sgabelli, lettini sottomacchina, scale, pedane, ecc.","It would be advisable to start training with the commitment, inter alia, of the OPL applicable, about the proper and consistent use of equipment such as stools, loungers sottomacchina, stairs, platforms, etc."
"Sarebbe opportuno avviare la formazione di aggiornamento con l’impego, tra l’altro,  delle OPL applicabili, circa il corretto e costante utilizzo di avvitatori, smerigliatrici, trapani, utensili, ecc","It would be advisable to start training with the commitment, inter alia, of the OPL applicable, about the proper and consistent use of screwdrivers, grinders, drills, tools, etc."
Non risulta formalizzata la formazione all'uso dell'attrezzo per la ricarica dei condizionatori,Is not formalized training in the use of the tool for charging of air conditioners
Non risulta avviata la formazione di aggiornamento sull' uso apparecchi di sollevamento e attrezzature sottogancio,Is not initiated the formation of update on using lifting equipment and lifting equipment
"Sarebbe opportuno avviare la formazione di aggiornamento con l’impego, tra l’altro,  delle OPL applicabili, circa il corretto e costante utilizzo delle attrezzature quali: sgabelli, lettini sottomacchina, scale, pedane, ecc.","It would be advisable to start training with the commitment, inter alia, of the OPL applicable, about the proper and consistent use of equipment such as stools, loungers sottomacchina, stairs, platforms, etc."
"Sarebbe opportuno avviare la formazione di aggiornamento con l’impego, tra l’altro,  delle OPL applicabili, circa il corretto e costante utilizzo di avvitatori, smerigliatrici, trapani, utensili, ecc","It would be advisable to start training with the commitment, inter alia, of the OPL applicable, about the proper and consistent use of screwdrivers, grinders, drills, tools, etc."
Non risulta formalizzata la formazione all'uso dell'attrezzo per la ricarica dei condizionatori,Is not formalized training in the use of the tool for charging of air conditioners
Non risulta avviata la formazione di aggiornamento sull' uso apparecchi di sollevamento e attrezzature sottogancio,Is not initiated the formation of update on using lifting equipment and lifting equipment
"Sarebbe opportuno avviare la formazione di aggiornamento con l’impego, tra l’altro,  delle OPL applicabili, circa il corretto e costante utilizzo delle attrezzature quali: sgabelli, lettini sottomacchina, scale, pedane, ecc.","It would be advisable to start training with the commitment, inter alia, of the OPL applicable, about the proper and consistent use of equipment such as stools, loungers sottomacchina, stairs, platforms, etc."
"Sarebbe opportuno avviare la formazione di aggiornamento con l’impego, tra l’altro,  delle OPL applicabili, circa il corretto e costante utilizzo di avvitatori, smerigliatrici, trapani, utensili, ecc","It would be advisable to start training with the commitment, inter alia, of the OPL applicable, about the proper and consistent use of screwdrivers, grinders, drills, tools, etc."
Non risulta avviata la formazione di aggiornamento sulla Movimentazione Manuale dei Carichi ,Is not started training on manual handling of loads 
Non risulta avviata la formazione di aggiornamento sull’ uso delle macchine,Is not initiated the formation of update on the use of machines
Non risulta completata e formalizzata la  formazione sull’uso delle nuove attrezzature di sostegno / rotazione dei telai recentemente introdotte sulla linea telai ,Is not completed and formalized training on the use of new equipment/rotating frames recently introduced on line frames 
Non risulta avviata la formazione di aggiornamento sull' uso apparecchi di sollevamento e attrezzature sottogancio,Is not initiated the formation of update on using lifting equipment and lifting equipment
"Sarebbe opportuno avviare la formazione di aggiornamento con l’impego, tra l’altro,  delle OPL applicabili, circa il corretto e costante utilizzo delle attrezzature quali: sgabelli, lettini sottomacchina, scale, pedane, ecc.","It would be advisable to start training with the commitment, inter alia, of the OPL applicable, about the proper and consistent use of equipment such as stools, loungers sottomacchina, stairs, platforms, etc."
"Sarebbe opportuno avviare la formazione di aggiornamento con l’impego, tra l’altro,  delle OPL applicabili, circa il corretto e costante utilizzo di avvitatori, smerigliatrici, trapani, utensili, ecc","It would be advisable to start training with the commitment, inter alia, of the OPL applicable, about the proper and consistent use of screwdrivers, grinders, drills, tools, etc."
Non risulta avviata la formazione di aggiornamento sulla Movimentazione Manuale dei Carichi ,Is not started training on manual handling of loads 
Non risulta avviata la formazione di aggiornamento sull’ uso delle macchine,Is not initiated the formation of update on the use of machines
Durante il serraggio sotto il telaio l'operatore non usa il seggiolino,Under the frame while tightening the operator does not use the car seat
Migliorabili ordine e pulizia dell'area,Improved order and cleanliness of the area
Operatore utilizza avvitatore senza guanti,Operator uses screwdriver without gloves
Presenza di tubazioni dell'aria a terra,Presence of air pipes in the ground
L'operatore non rintraccia immediatamente la scheda DPI,The operator tracks the card immediately DPI
L'operatore non rintraccia nell'immediato la scheda di sicurezza dei prodotti chimici,The operator tracks the immediate chemical safety data sheet
Materiale presente sul pavimento,Material on the floor
Presenza di due flaconi di Loctite depositati su telaio,Presence of two vials of Loctite deposited on trays
"Durante l'uso della macchina scaldacuscinetti, l'operatore non chiude la griglia protettiva","Scaldacuscinetti when using the machine, the operator does not close the protective Grill"
L'operatore non rintraccia immediatamente la scheda di DPI ,The operator tracks the card immediately by DPI 
Il carrellino porta cavi si trova fuori dalla posizione prestabilita,The cable cart is outside the preset position
Tubo di rame alettato interno telaio non protetto dall'apposito corrugato,Inner finned copper tube unprotected from the corrugated frame
Il carrellino porta utensili si trova in disordine,The tool trolley is messed up
Tubazioni aria lasciate a terra quando non in uso,Piping air left on the ground when not in use
Ordine e pulizia migliorabili,Order and cleanliness can be improved
Imballo a terra a rischio inciampo,Packaging on the ground at risk stumbling
Tubo aria lasciato a a terra a reischi inciampo,Air hose left on the ground to reischi tripping
Paraurti anteriore poggiato su veicolo,Front bumper on vehicle
Tubo aria lasciato a terra a rischio inciampo,Air hose left on the ground at risk stumbling
Berretto antiurto depositato dentro odette,Shock Cap settled in odette
Tubi ferro poggiati su cassone,Iron pipes resting on platform truck
"L'attività ""5S"" risulta essere migliorabile","5S" activities "turns out to be room for improvement"
L'addetto alla verifica rifornimento gasolio non presidia l'attività di rifornimento da parte del fornitore,The guy at the check refuelling refuelling activity monitors not by supplier
L'operatore non recupera tempestivamente la scheda DPI della postazione,The operator retrieves the workplace tab DPI
Sul banchetto di lavoro ci sono troppi articoli da premontare ,On the feast of work there are too many items to assemble 
Tubo aria compressa non riavvolto dopo l'uso,Compressed air tube not rewound after use
Contenitore silenziatore lasciato a bordo linea,Silencer left aboard container line
Asta movimentazione motore depositata lato linea a rischio inciampo,Auction engine handling risky line side settled stumbling
Tubi pneumatici lasciati a terra a rischio inciampo,Pneumatic tubes left stranded at risk stumbling
Pneumatico appoggiato contro cassone rifiuti,Tire against waste dump
Fascia di sollevamento depositata su griglia liquido lavavetri,Lifting range deposited on washer fluid grid
Fasce bilancino appoggiate su SAG a rischio urto,Swaddling Sling support on SAG at risk impact
Sotto i SAG c'è della carta a terra,Under the SAG there is on Earth
L'operatore non rintraccia immediatamente le OPL Safety,The operator does not track immediately the OPL Safety
L'operatore non rintraccia immediatamente le OPL Safety,The operator does not track immediately the OPL Safety
Abbandono carrello fuori da spazi adibiti,Abandoned cart outside spaces used
Chiavi carrello lasciate a bordo,Keys cart left on board
L'ordine della postazione risulta migliorabile (seggiolino fuori posizione),The order of emplacement is improvable (child seat out of position)
L'operatore non individua prontamente la scheda DPI di postazione,The operator does not identify promptly the PPE position tab
Durante l'uso della bandiera con bilancino per avvitatore non indossa il berretto antiurto,During the use of the flag with rocking for not wearing the beret shockproof
Rischio interferenze tra operatore e carrellista quando consegna pneumatici,Risk of interference between operator and truck driver when tire delivery
Il banchetto di lavoro risulta essere un po' in disordine,The banquet of work turns out to be a bit messy
L'operatore non rintraccia immediatamente la scheda DPI e le OPL di stazione,The operator does not track and OPL Board immediately DPI of station
Tubo aria compressa lasciato a terra quando non in uso con rischio di inciampo,Compressed air hose left on the ground when not in use with risk of tripping
Due flaconi di Loctite depositati su telaio,Two vials of Loctite deposited on trays
Gabbia di protezione macchina scaldacuscinetti lasciata aperta mentre in uso,Scaldacuscinetti machine protection cage left open while in use
Mancato presidio da parte di  personale Astra durante la fase di scarico gasolio da autocisterna per il riempimento  del serbatoio interrato di gasolio (rep montaggio civile),Non-presidio by Astra during draining oil tanker for filling underground tank of diesel (rep civil Assembly)
Doll system in disordine,
Banco di lavoro leggermente in disordine,Slightly cluttered Workbench
Gancio in posizione tale che potrebbe interferire,Hook so that it might interfere
presenza di un carretto su passaggio pedonale (parziale ostruzione del passaggio),presence of a cart on pedestrian crossing (partial obstruction of the passage)
Aggancio del carico effettuato in modo non corretto,Load hook performed incorrectly
Presenza di materiale su percorso pedonale,Presence of material on walk route
Non avviata la formazione di aggiornamento circa la MMC,Not initiated the formation of update about MMC
Non ancora avviata la formazione di richiamo/aggiornamento sulla conduzione di macchinari,Not yet started training recall/update on the conduction of machinery
Presenza di materiale in corrispondenza del percorso pedonale,Presence of material at the pedestrian path
Tubazione aria compressa lasciata a terra (condizione di inciampo),Compressed air piping left ashore (stumbling)
Giacca appesa su SAG anziché su appositi appendiabiti di reparto/area,Jacket hanging on SAG rather than on appropriate Department/coat rack area
migliorare la sensibilizzazione sull’uso dei DPI anche per alcune attività occasionali (es. area saldatura realizzazione carrellini) ,raising awareness on the use of PPE for some occasional activity (i.e. welding area carrying trolleys) 
migliorare la sensibilizzazione sull’uso dei DPI anche per alcune attività occasionali (es. area saldatura realizzazione carrellini) ,raising awareness on the use of PPE for some occasional activity (i.e. welding area carrying trolleys) 
Moduli di ispezione autonoma non smpre compilati,Autonomous inspection modules not smpre compiled
Operatore utilizza avvitatore senza indossare occhiali protettivi,Operator uses screwdriver without wearing safety goggles
Tubazione fusto grasso lasciata a terra,Pipe stem fat left on the ground
Tubazioni aria compressa lasciate a terra (rischio inciampo),Compressed air piping left ashore (risk stumbling)
Tubazioni fusto grasso lasciata a terra (rischio inciampo),Fat stem pipes left ashore (risk stumbling)
L'operatore non recupera immediatamente la scheda DPI,The operator does not recover immediately the card DPI
Carrello porta staffe lasciato sul percorso pedonale,Carriage door brackets left on the footpath
Tubazione aria compressa lasciata a terra (condizione di inciampo),Compressed air piping left ashore (stumbling)
Giacca appesa su SAG anziché su appositi appendiabiti di reparto/area,Jacket hanging on SAG rather than on appropriate Department/coat rack area
l'operatore non ripone i DPI (berretto antiurto) nell'apposito alloggiamento,the operator places the DPI (Cap buffer) into the card slot
Tubazione dell'aria lasciata a terra (rischio inciampo),Air piping left ashore (risk stumbling)
Ordine e pulizia in postazione  risultano migliorabili,Order and cleanliness in the workplace are improvable
Flaconi di Loctite lasciati sui gradini della scala macchina,Loctite bottles left on the steps of the stair car
Cartoni sigillante Betamate 7120 lasciati sul ballatoio scala (rischio inciampo),Cartoons on its Betamate ™ sealer 7120 left on balcony ladder (risk stumbling)
Cassetta di plastica raccolta cartoncini una volta usati per distendere sigillante crea condizioni di inciampo (ricollocare),Plastic case collection cardstock once used to unbend sealer creates conditions for stumbling (replace)
L'operatore non recupera immediatamente la scheda DPI,The operator does not recover immediately the card DPI
Attività 5S risulta migliorabile,5S activities is improved
L'operatore non recupera immediatamente la scheda DPI,The operator does not recover immediately the card DPI
Nuovi carrelli sostegno ADT in linea devono essere veificati,New support for ADT in line should be veificati
Banco di lavoro in disordine,Messy work bench
Attività 5S risulta migliorabile,5S activities is improved
La tubazione dell'aria compressa si trova a terra con il rischio di inciampo da parte degli operatori,The compressed air line on the ground with the risk of stumbling by operators
La tubazione dell'aria compressa si trova a terra con il rischio di inciampo da parte degli operatori,The compressed air line on the ground with the risk of stumbling by operators
Giacca operatore appesa su SAG e non su appendiabiti dell'area,Operator jacket hanging on SAG and not on the local coat rack
Operatore mangia uno snack in postazione anziché in area break,Operator eats a snack station rather than break area
Durante il montaggio del paraurti ant. Con predelino di salita è necessaria la corretta collaborazione tra i 2 operatori,When assembling the front bumper. With predelino of climb is necessary proper cooperation between the 2 operators
Carrello materiale depositato parzialmente su strisce pedonali,Basket material deposited partly on crosswalk
Carrello Kit tubi idraulici posizionato fuori da spazi delimitati a bordo linea,Hydraulic hose kits cart placed outside on board line-separated spaces
Bilancino cabina con fascia a rischio di urto da parte degli operatori,Balance cabin with shock at risk range from operators
Cassone depositato parzialmente su strisce pedonali,Carey settled partly on crosswalk
Piattina depositata in linea durante operazioni di montaggio a rischio inciampo,Flat filed in line during assembly operations at risk stumbling
Giacca appesa su doll system anziché su appositi appendiabiti,Jacket hanging on doll system rather than on appropriate hangers
Giacca appesa su portascopa/paletta anziché su appositi appendiabiti,Jacket hanging on broom/dustpan rather than on appropriate hangers
Ordine e pulizia in postazione migliorabili,Order and cleanliness in station improvement
Catena carroponte lasciata ad altezza operatore con rischio urto,Chain bridge crane operator with high impact risk left
Dollsystem operatore disordinata ,Disorderly Dollsystem operator 
Tubazione aria compressa lasciata a terra (condizione di inciampo),Compressed air piping left ashore (stumbling)
Durante la fase di rimozione gancio telaio si rischia lo schiacciamento / caduta dello stesso ,During the unwind phase frame hanger you risk crushing/fall with the same 
Riportare all’interno del verbale relativo al riesame della direzione (3/10/2013) gli estremi del verbale ex.art 35 D.Lgs 81/08 menzionato.,Bring back inside of the minutes concerning the management review (10/3/2013) the details of the Decree 81/08 35 minutes ex.art mentioned.
Prevedere firma di presenza per tutti i partecipanti al riesame della direzione ,Provide signature of presence for all participants in the management review 
Prevedere firma di presenza per tutti i partecipanti al riesame della direzione ,Provide signature of presence for all participants in the management review 
"All’interno del reparto è presente uno scaffale, in fase in installazione, che allo stato attuale non deve essere utilizzato ","Within the Department there is a shelf, being in installation, which at present should not be used"
"Non si riscontra evidenza formale della formazione di aggiornamento effettuata, circa le modalità dei comportamenti da adottare durante la fase di avanzamento delle linea cabine meccanizzata","There is no formal evidence of the formation of modification made, about the manner of behaviour to be adopted during the progress of mechanized line cabins"
"Per taluni operatori, manca formalizzazione della formazione erogata circa i rischi connessi all’attività svolta e relativi misure di prevenzione / protezione","For certain operators, lacking formalization of training provided about the risks connected with the activity and related preventive measures/protection"
"Per taluni operatori, manca formalizzazione della formazione erogata circa i rischi specifici del posto di lavoro (macchine, impianti, attrezzature, ecc.)","For certain operators, lacking formalization of training provided about specific workplace hazards (machinery, equipment, lines, etc.)"
Logistica consegna materiale in leggero ritardo con perdita di tempo ,Logistics delivery material in slight delay with waste of time 
"In alcuni casi, non sempre viene compilato da tutti gli operatori il Mod. 371 relativo alla “distribuzione DPI”","In some cases, not always compiled from all operators on Mod. 371 on the distribution "DPI" "
Veicolo parcheggiato davanti uscita di sicurezza mensa su strisce pedonali,Vehicle parked in front of an emergency exit cafeteria on crosswalk
"Sarebbe opportuno avviare la formazione di aggiornamento con l’impego, tra l’altro,  delle OPL applicabili, circa il corretto e costante utilizzo delle attrezzature quali: sgabelli, lettini sottomacchina, scale, pedane, ecc.","It would be advisable to start training with the commitment, inter alia, of the OPL applicable, about the proper and consistent use of equipment such as stools, loungers sottomacchina, stairs, platforms, etc."
"Sarebbe opportuno avviare la formazione di aggiornamento con l’impego, tra l’altro,  delle OPL applicabili, circa il corretto e costante utilizzo di avvitatori, smerigliatrici, trapani, utensili, ecc","It would be advisable to start training with the commitment, inter alia, of the OPL applicable, about the proper and consistent use of screwdrivers, grinders, drills, tools, etc."
Non risulta avviata la formazione di aggiornamento sulla Movimentazione Manuale dei Carichi ,Is not started training on manual handling of loads 
Durante il fissaggio del supoprto radiatore esiste il rischio di schiacciamento,During the fixing of the radiator support, there is a risk of crushing
Rischio di urtare il capo quando si entra all'interno del telaio per il montaggio delle staffe tubi compressore,Risk of bumping the head when you enter inside the frame for fitting pipe brackets compressor
Rischio di venire a contatto con prodotti chimici durante ingrassaggio raccordi impianto sterzo,Risk of coming into contact with chemicals while greasing the steering system fittings
Rischio di venire a contatto con prodotti chimici durante svuotamento olio idroguida,Risk of coming into contact with chemicals during power steering oil depletion
Presenza di materiale di produzione sul percorso pedonale che ostruisce parzialmente il passaggio ai pedoni,Presence of production material on the pedestrian path that partially blocks the passage to pedestrians
"Per taluni operatori, non si riscontra la formalizzazione dell’avvenuta formazione di aggiornamento circa l’uso di apparecchi di sollevamento e attrezzatture sottogancio","For certain operators, it appears that the formalization of upgrade training about the use of hoists and lifting equipment"
"Per taluni operatori, non si riscontra la formalizzazione dell’avvenuta formazione di aggiornamento circa la Movimentazione Manuale dei Carichi.","For certain operators, it appears that the formalisation of training about manual handling update."
Presenza di materiale posizionato lato del percorso pedonale che impedisce il comodo passaggio ,Presence of material placed side of the walkway which prevents the easy passage 
"Sarebbe opportuno avviare la formazione di aggiornamento con l’impego, tra l’altro,  delle OPL applicabili, circa il corretto e costante utilizzo di avvitatori, smerigliatrici, trapani, utensili, ecc","It would be advisable to start training with the commitment, inter alia, of the OPL applicable, about the proper and consistent use of screwdrivers, grinders, drills, tools, etc."
Una doll system è gestita in maniera disordinata,A doll system is managed in a disorderly fashion
Brocca utilizzata per rabbocchi con etichetta poco leggibile,Jug used for topping up with a little label readable
"Sarebbe opportuno avviare la formazione di aggiornamento con l’impego, tra l’altro,  delle OPL applicabili, circa il corretto e costante utilizzo delle attrezzature quali: sgabelli, lettini sottomacchina, scale, pedane, ecc.","It would be advisable to start training with the commitment, inter alia, of the OPL applicable, about the proper and consistent use of equipment such as stools, loungers sottomacchina, stairs, platforms, etc."
"Sarebbe opportuno avviare la formazione di aggiornamento con l’impego, tra l’altro,  delle OPL applicabili, circa il corretto e costante utilizzo di avvitatori, smerigliatrici, trapani, utensili, ecc","It would be advisable to start training with the commitment, inter alia, of the OPL applicable, about the proper and consistent use of screwdrivers, grinders, drills, tools, etc."
"Un apparecchio di sollevamento, dopo l’uso, non è stato posizionato correttamente, per cui l’attrezzo sottogancio può interferire con l’operatore","A lifting appliance after use, has not been positioned correctly, so the tool under the hook can interfere with the operator"
Un operatore non utilizza lo sgabello quando sarebbe previsto  ,An operator does not use the stool when would be expected  
"Postazione: C31 - Postazione 31, reparo Montaggio Civili; UTILIZZO DEI DPI; ooooo","Location: C31-31 Point, Civil Assembly; reparo USE OF PPE; OOOOO "
Bottiglietta d'acqua depositata su banco di lavoro,Bottle of water deposited on the Workbench
Presenza di radio stereo in reparto con cavo elettrico usurato,Stereo radio Department with cord worn
Bottiglietta d'acqua depositata su doll system,Bottle of water deposited on doll system
Il lavoratore non indossa i guanti per gli agenti chimici quando usa la Loctite,The employee does not wear gloves to chemicals when using Loctite
Ordine carrelli attrezzi da migliorare,Order to improve gear carts
Tubo dell'aria compressa lasciato a terra e non avvolto quando non in uso a rischi inciampo,Compressed air hose left on the ground and not wrapped up when not in use to risks stumbling
Presenza di radio stereo in reparto con cavo elettrico usurato,Stereo radio Department with cord worn
Migliorabile la conoscenza delle condizioni di impiego dei diversi tipi di guanti,Improved knowledge of the conditions of employment of different types of gloves
Migliorabile ordine carrello utensili,Improved tool Cart order
Ordine e pulizia risultano migliorabili,Order and cleanliness are improvable
Il banco di lavoro risulta in disordine,The Workbench is messed up
Bicchiere del caffè gettato nel contenitore delle barre da montare in linea,Cup of coffee thrown into the container of the bars to be mounted in line
Scheda DPI non prontamente individuata dal lavoratore nella sua postazione,DPI does not readily identified by card worker in your station
Il banchetto di lavoro risulta essere in leggero stato di disordine,The banquet of work turns out to be a slight State of disorder
Banchi di lavoro disordinati,Disordered workbenches
La gabbia di copertura/protezione del fornetto scaldacuscinetti è stata lasciata aperta,The cage cover/protection of the oven scaldacuscinetti was left open
Nel sottogruppo premontaggio ponti ordine e pulizia risultano migliorabili,In the subgroup pre-Assembly bridges order and cleanliness are improvable
Il percorso pedonale in prossimità del sottogruppo premontaggio ponti risulta ostruito da un balancer per avvitatore,The footpath near the subgroup pre-Assembly bridges is obstructed by a balancer for impact wrench
Canna dell'aria lasciata a terra con rischio di inciampo,Air barrel left ashore with risk of tripping
Cavo avvitatore coppia controllata ponti intralcia il passaggio,Controlled torque wrench cable bridges hinders the passage
Tubi aria non arrotolati con rischio di inciampo,Air hoses not in coils with risk of tripping
Residuo di fascette di plastica e grasso per terra con rischio di scivolamento,Plastic cable ties and fat residue on the ground with risk of slipping
Materiale depositato sopra telaio con rischio di caduta su operatori che lavorano sotto di esso,Deposited material over the frame with risk of falling out of operators working under it
Contenitore olio fuori posto,Misplaced oil container
Carrellista non rispetta l'ordine in area gomme,Forklift driver does not honor the ordering in tires
Bagni di reparto bisognosi di manutenzione a causa del cattivo utilizzo da parte del personale di reparto,Departmental bathrooms in need of maintenance because of bad use by Department staff
La tubazione dell'aria compressa si trova a terra con il rischio di inciampo da parte degli operatori,The compressed air line on the ground with the risk of stumbling by operators
L'operatore non è in grado di reperire le OPL di Sicurezza della sua postazione in modo immediato,The operator is not able to find the safety of his seat immediately OPL
Migliorare la propositività dell'addetto alle tematiche Safety,Improve awareness of the attendant Safety issues
Ordine e pulizia risultano migliorabili,Order and cleanliness are improvable
L'operatore non è in grado di reperire le OPL di Sicurezza della sua postazione in modo immediato,The operator is not able to find the safety of his seat immediately OPL
Sul banco da lavoro è presente un casco da motociclista,On the Workbench is a motorcycle helmet
Migliorabile la pulizia dei carrelli di sostegno ponti,Improved cleaning of shopping carts support bridges
L'operatore non ricorda con precisione quando deve indossare gli occhiali di sicurezza,The operator does not remember exactly when should you wear your safety glasses
Tubo dell'aria compressa lasciato a terra e non avvolto quando non in uso,Compressed air hose left on the ground and not wrapped up when not in use
"il caricabatterie presente nel min, essendo un impianto classificato Atex (atmosfere esplosive), deve essere assolutamente sgombero di materiali infiammabili, oltre al fatto che nell’arco di 50 cm non è possibile avere sorgenti di innesco (tra cui dispositivi elettrici ed elettronici).","the Chargers present in min, being a plant classified Atex (explosive atmospheres), it must be absolutely clear of combustible materials in addition to the fact that over 50 cm you can't get ignition sources (including electrical and electronic devices)."
Carrello elevatore abbandonato sul percorso pedonale,Forklift truck abandoned on the pedestrian path
Armadio vernici lasciato aperto,Paint Cabinet left open
Box L4 non chiuso durante le attività di saldatura,Box L4 not closed during welding
Rischio di schiacciamento e taglio durante il serraggio delle calzatoie sotto tubi alettati,Risk of crushing and shearing when tightening the wheel chocks under finned tubes
Rischio di schiacciamento e taglio durante il serraggio delle calzatoie sotto tubi alettati,Risk of crushing and shearing when tightening the wheel chocks under finned tubes
Bagni di reparto bisognosi di manutenzione a causa del cattivo utilizzo da parte del personale di reparto,Departmental bathrooms in need of maintenance because of bad use by Department staff
Mancato utilizzo del seggiolino con rischi ergonomici,Failure to use the seat with ergonomic risks
Mancato rispetto dei limiti di velocità da parte del carrellista,Non-observance of speed limits by the forklift driver
Mancato utilizzo DPI (berretto) di protezione del capo,Failure to use PPE (Cap) head protection
Banco di lavoro in disordine,Messy work bench
Mancato utilizzo di occhiali e berretto prottettivi,No use of spectacles and glasses Cap
Mancato utilizzo del berretto prottettivo,Failure to use the protective cap
Scarsa pulizia nella postazione,Poor cleanliness in the swim
Mancato utilizzo di occhiali e berretto prottettivi,No use of spectacles and glasses Cap
Mancato utilizzo del berretto prottettivo,Failure to use the protective cap
Banco di lavoro in disordine,Messy work bench
Scarsa pulizia nella postazione,Poor cleanliness in the swim
Mancato utilizzo del berretto prottettivo,Failure to use the protective cap
Comportamento pericoloso tenuto da operatori essendo di intralcio alle operazioni di lavoro  ,Dangerous behavior kept by operators as a hindrance to business operations  
Tubi in gomma con parti metalliche appoggiati sopra motore con rischio di caduta su opertaori sottostanti,Rubber hoses with metal parts on engine with risk of falling on tour below
L'operatore non indossa i guanti protettivi,The operator is not wearing protective gloves
Tubazione aria compressa lasciata a terra (condizione di inciampo),Compressed air piping left ashore (stumbling)
Migliorabile l'operazione intesa a posizionare il telaio in prima stazione,Improved the operation aimed at positioning the frame in the first station
L'operatore utilizza l'avvitatore senza indossare gli occhiali di sicurezza,The operator uses the screwdriver without wearing safety goggles
